<?xml version="1.0" encoding="UTF-8"?>
<project-private xmlns="http://www.netbeans.org/ns/project-private/1">
    <editor-bookmarks xmlns="http://www.netbeans.org/ns/editor-bookmarks/1"/>
    <editor-bookmarks xmlns="http://www.netbeans.org/ns/editor-bookmarks/2" lastBookmarkId="0"/>
    <open-files xmlns="http://www.netbeans.org/ns/projectui-open-files/2">
        <group>
            <file>file:/var/www/html/lti_v2/util/lti_util.php</file>
            <file>file:/var/www/html/lti_v2/tp/launchResource.php</file>
            <file>file:/var/www/html/lti_v2/tc/tc_register.php</file>
            <file>file:/var/www/html/lti_v2/library/config.php</file>
            <file>file:/var/www/html/lti_v2/tp/Tool_Provider_Class.php</file>
            <file>file:/var/www/html/lti_v2/library/OAuth.php</file>
            <file>file:/var/www/html/lti_v2/tp/tp_registration.php</file>
            <file>file:/var/www/html/lti_v2/library/tpdatabase.php</file>
            <file>file:/var/www/html/lti_v2/tp/selectResources.php</file>
        </group>
    </open-files>
</project-private>
